USE FLICKERPALACE

-- Add film
INSERT INTO PHIM (MAPHIM, TENPHIM, NAMSX, THELOAI, THOILUONG, DAODIEN, AGELIMIT, DIENVIEN) VALUES('P1000', 'Shazam!Fury of the Gods', 2022, 'Fantatic, Action', 130, 'David F.Sandberg', 12, 'Grace Caroline, Currey Zachary, Levi Halen Mirren')
INSERT INTO PHIM (MAPHIM, TENPHIM, NAMSX, THELOAI, THOILUONG, DAODIEN, AGELIMIT, DIENVIEN) VALUES('P1001', 'Forever', 2014, 'Crime, Drama', 130, 'Matthew Miller', 16, 'Ioan, GruffuddAlana De, La GarzaJoel David, Moore')
INSERT INTO PHIM (MAPHIM, TENPHIM, NAMSX, THELOAI, THOILUONG, DAODIEN, AGELIMIT, DIENVIEN) VALUES('P1002', 'The LockSmith', 2023, 'Action, Mystery, Thriller', 100, 'Nicolas Harvard', 16, 'Grace Caroline, Currey Zachary, Levi Halen Mirren')
INSERT INTO PHIM (MAPHIM, TENPHIM, NAMSX, THELOAI, THOILUONG, DAODIEN, AGELIMIT, DIENVIEN) VALUES('P1003', 'Epic Tales', 2023, 'Animation, Adventure, Comedy', 100, 'David Alaux, Eric Tosti, Jean-François Tosti', 6, 'Kate Bosworth, Ryan Phillippe, Jeffrey Nordling')
INSERT INTO PHIM (MAPHIM, TENPHIM, NAMSX, THELOAI, THOILUONG, DAODIEN, AGELIMIT, DIENVIEN) VALUES('P1004', 'Scream 6', 2023, 'Horror, Mystery, Thriller', 130, 'Matt Bettinelli-Olpin, Tyler Gillett', 12, 'Melissa Barrera, Jenna Ortega, Courteney Cox')
INSERT INTO PHIM (MAPHIM, TENPHIM, NAMSX, THELOAI, THOILUONG, DAODIEN, AGELIMIT, DIENVIEN) VALUES('P1005', '65', 2023, 'Adventure, Drama, Sci-Fi', 100, 'Scott Beck, Bryan Woods', 16, 'Adam Driver Ariana Greenblatt Chloe Coleman')
INSERT INTO PHIM (MAPHIM, TENPHIM, NAMSX, THELOAI, THOILUONG, DAODIEN, AGELIMIT, DIENVIEN) VALUES('P1006', 'Cocaine Bear', 2023, 'Comedy, Thriller', 100, 'Elizabeth Banks', 18, 'Keri RussellAlden Ehrenreich O"Shea Jackson Jr')
INSERT INTO PHIM (MAPHIM, TENPHIM, NAMSX, THELOAI, THOILUONG, DAODIEN, AGELIMIT, DIENVIEN) VALUES('P1007', 'Ant-Man and the Wasp: Quantumania', 2022, 'Action, Adventure, Comedy', 130, 'Peyton Reed', 12, 'Kathryn Newton, Jonathan Majors, Evangeline Lilly')
INSERT INTO PHIM (MAPHIM, TENPHIM, NAMSX, THELOAI, THOILUONG, DAODIEN, AGELIMIT, DIENVIEN) VALUES('P1008', 'Prestij Meselesi', 2023, 'Drama', 130, 'Mahsun Kırmızıgül', 12, 'Biran Damla, Yilmaz Melisa, Döngel Erkan, Petekkaya')
INSERT INTO PHIM (MAPHIM, TENPHIM, NAMSX, THELOAI, THOILUONG, DAODIEN, AGELIMIT, DIENVIEN) VALUES('P1009', 'Gifted', 2017, 'Drama', 130, 'Marc Webb', 6, 'Chris Evans, Mckenna Grace, Lindsay Duncan')
INSERT INTO PHIM (MAPHIM, TENPHIM, NAMSX, THELOAI, THOILUONG, DAODIEN, AGELIMIT, DIENVIEN) VALUES('P1010', 'Kutsal Damacana 4', 2023, 'Comedy', 100, 'Marc Webb', 16, 'Şafak Sezer, Ersin Korkut, Onur Böyüktopçu, Müjde Uzman')
INSERT INTO PHIM (MAPHIM, TENPHIM, NAMSX, THELOAI, THOILUONG, DAODIEN, AGELIMIT, DIENVIEN) VALUES('P1011', 'Passengers', 2016, 'Science Fiction , Drama, Thriller, Adventure, Romance', 150, 'Morten Tyldum', 16, 'Jennifer Lawrence, Chris Pratt Michael, Sheen Laurence, Fishburne Andy, García')
INSERT INTO PHIM (MAPHIM, TENPHIM, NAMSX, THELOAI, THOILUONG, DAODIEN, AGELIMIT, DIENVIEN) VALUES('P1012', 'A Beautiful Mind', 2001, 'Biography, Drama', 100, 'Ron Howard', 16, 'Akiva Goldsman, Sylvia Nasar')
INSERT INTO PHIM (MAPHIM, TENPHIM, NAMSX, THELOAI, THOILUONG, DAODIEN, AGELIMIT, DIENVIEN) VALUES('P1013', 'Chernobyl', 2019, 'Drama, History, Thriller', 70, 'Craig Mazin', 16, 'Jessie Buckley, Jared Harris, Stellan Skarsgård')
INSERT INTO PHIM (MAPHIM, TENPHIM, NAMSX, THELOAI, THOILUONG, DAODIEN, AGELIMIT, DIENVIEN) VALUES('P1014', 'Julia & Julie', 2009, 'Biography, Drama, Romance', 100, 'Nora Ephron', 16, 'Amy Adams Meryl, StreepChris, Messina')
INSERT INTO PHIM (MAPHIM, TENPHIM, NAMSX, THELOAI, THOILUONG, DAODIEN, AGELIMIT, DIENVIEN) VALUES('P1015', 'Bergen', 2023, 'Biography, Drama, Music', 100, 'Caner Alper Mehmet Binay', 16, 'Farah Zeynep, Abdullah Erdal, Besikçioglu, Sebnem Sönmez')
INSERT INTO PHIM (MAPHIM, TENPHIM, NAMSX, THELOAI, THOILUONG, DAODIEN, AGELIMIT, DIENVIEN) VALUES('P1016', 'Wonder', 2017, 'Drama, Family', 100, 'Stephen Chbosky', 6, 'Jacob Tremblay, Owen Wilson, Izabela Vidovic')
INSERT INTO PHIM (MAPHIM, TENPHIM, NAMSX, THELOAI, THOILUONG, DAODIEN, AGELIMIT, DIENVIEN) VALUES('P1017', 'The Fault In Our Stars', 2023, 'Drama, Romance', 100, 'Josh Boone', 16, 'Shailene Woodley, Ansel ElgortNat, Wolff')

-- Add theater
INSERT INTO RAP (MARAP, TENRAP, THANHPHO) VALUES ('R1000', 'Deniz Mall', 'Ha Noi')
INSERT INTO RAP (MARAP, TENRAP, THANHPHO) VALUES ('R1001', 'MetroPark', 'Da Nang')
INSERT INTO RAP (MARAP, TENRAP, THANHPHO) VALUES ('R1002', 'Park Bulvar', 'TP.HCM')

-- Add room
INSERT INTO PHONG (MAPHONG, TENPHONG, SOGHE) VALUES ('PH100', 'PHONG 1', 170)
INSERT INTO PHONG (MAPHONG, TENPHONG, SOGHE) VALUES ('PH101', 'PHONG 2', 170)
INSERT INTO PHONG (MAPHONG, TENPHONG, SOGHE) VALUES ('PH102', 'PHONG 3', 170)

-- Add schedule
SET DATEFORMAT DMY
select * from lichchieu
INSERT INTO LICHCHIEU (MALC, MAPHIM, MAPHONG, TUNGAY, DENNGAY, SUATCHIEU, MARAP) VALUES ('L1001', 'P1000', 'PH100', '28/5/2023', '28/6/2023', '3:00 PM', 'R1000')
INSERT INTO LICHCHIEU (MALC, MAPHIM, MAPHONG, TUNGAY, DENNGAY, SUATCHIEU, MARAP) VALUES ('L1002', 'P1000', 'PH100', '29/5/2023', '29/6/2023', '5:00 PM', 'R1000')
INSERT INTO LICHCHIEU (MALC, MAPHIM, MAPHONG, TUNGAY, DENNGAY, SUATCHIEU, MARAP) VALUES ('L1003', 'P1000', 'PH101', '30/5/2023', '30/6/2023', '1:00 PM', 'R1001')
INSERT INTO LICHCHIEU (MALC, MAPHIM, MAPHONG, TUNGAY, DENNGAY, SUATCHIEU, MARAP) VALUES ('L1004', 'P1000', 'PH102', '31/5/2023', '30/6/2023', '2:00 PM', 'R1002')
INSERT INTO LICHCHIEU (MALC, MAPHIM, MAPHONG, TUNGAY, DENNGAY, SUATCHIEU, MARAP) VALUES ('L1005', 'P1001', 'PH100', '29/5/2023', '29/6/2023', '1:00 PM', 'R1000')
INSERT INTO LICHCHIEU (MALC, MAPHIM, MAPHONG, TUNGAY, DENNGAY, SUATCHIEU, MARAP) VALUES ('L1006', 'P1001', 'PH101', '30/5/2023', '30/6/2023', '3:00 PM', 'R1001')
INSERT INTO LICHCHIEU (MALC, MAPHIM, MAPHONG, TUNGAY, DENNGAY, SUATCHIEU, MARAP) VALUES ('L1007', 'P1001', 'PH102', '31/5/2023', '30/6/2023', '3:00 PM', 'R1002')
INSERT INTO LICHCHIEU (MALC, MAPHIM, MAPHONG, TUNGAY, DENNGAY, SUATCHIEU, MARAP) VALUES ('L1008', 'P1001', 'PH101', '1/6/2023', '1/7/2023', '3:00 PM', 'R1001')
INSERT INTO LICHCHIEU (MALC, MAPHIM, MAPHONG, TUNGAY, DENNGAY, SUATCHIEU, MARAP) VALUES ('L1009', 'P1002', 'PH102', '28/5/2023', '28/6/2023', '3:00 PM', 'R1002')
INSERT INTO LICHCHIEU (MALC, MAPHIM, MAPHONG, TUNGAY, DENNGAY, SUATCHIEU, MARAP) VALUES ('L1010', 'P1002', 'PH102', '28/5/2023', '28/6/2023', '5:00 PM', 'R1002')
INSERT INTO LICHCHIEU (MALC, MAPHIM, MAPHONG, TUNGAY, DENNGAY, SUATCHIEU, MARAP) VALUES ('L1011', 'P1002', 'PH100', '29/5/2023', '29/6/2023', '5:00 PM', 'R1000')
INSERT INTO LICHCHIEU (MALC, MAPHIM, MAPHONG, TUNGAY, DENNGAY, SUATCHIEU, MARAP) VALUES ('L1012', 'P1002', 'PH100', '30/5/2023', '30/6/2023', '6:00 PM', 'R1000')
INSERT INTO LICHCHIEU (MALC, MAPHIM, MAPHONG, TUNGAY, DENNGAY, SUATCHIEU, MARAP) VALUES ('L1013', 'P1002', 'PH101', '1/6/2023', '1/7/2023', '1:00 PM', 'R1001')
INSERT INTO LICHCHIEU (MALC, MAPHIM, MAPHONG, TUNGAY, DENNGAY, SUATCHIEU, MARAP) VALUES ('L1014', 'P1003', 'PH101', '28/5/2023', '3/6/2023', '1:00 PM', 'R1001')
INSERT INTO LICHCHIEU (MALC, MAPHIM, MAPHONG, TUNGAY, DENNGAY, SUATCHIEU, MARAP) VALUES ('L1015', 'P1004', 'PH100', '28/5/2023', '28/6/2023', '3:00 PM', 'R1000')
INSERT INTO LICHCHIEU (MALC, MAPHIM, MAPHONG, TUNGAY, DENNGAY, SUATCHIEU, MARAP) VALUES ('L1016', 'P1004', 'PH102', '29/5/2023', '2/6/2023', '1:00 PM', 'R1002')
INSERT INTO LICHCHIEU (MALC, MAPHIM, MAPHONG, TUNGAY, DENNGAY, SUATCHIEU, MARAP) VALUES ('L1017', 'P1004', 'PH102', '2/6/2023', '2/7/2023', '5:00 PM', 'R1002')
INSERT INTO LICHCHIEU (MALC, MAPHIM, MAPHONG, TUNGAY, DENNGAY, SUATCHIEU, MARAP) VALUES ('L1018', 'P1005', 'PH102', '28/5/2023', '28/6/2023', '3:00 PM', 'R1002')
INSERT INTO LICHCHIEU (MALC, MAPHIM, MAPHONG, TUNGAY, DENNGAY, SUATCHIEU, MARAP) VALUES ('L1019', 'P1005', 'PH100', '30/5/2023', '30/6/2023', '7:00 PM', 'R1000')
INSERT INTO LICHCHIEU (MALC, MAPHIM, MAPHONG, TUNGAY, DENNGAY, SUATCHIEU, MARAP) VALUES ('L1020', 'P1005', 'PH101', '1/6/2023', '28/6/2023', '7:00 PM', 'R1001')
INSERT INTO LICHCHIEU (MALC, MAPHIM, MAPHONG, TUNGAY, DENNGAY, SUATCHIEU, MARAP) VALUES ('L1021', 'P1006', 'PH100', '28/5/2023', '28/6/2023', '7:00 PM', 'R1000')
INSERT INTO LICHCHIEU (MALC, MAPHIM, MAPHONG, TUNGAY, DENNGAY, SUATCHIEU, MARAP) VALUES ('L1022', 'P1006', 'PH102', '30/5/2023', '30/6/2023', '5:00 PM', 'R1002')
INSERT INTO LICHCHIEU (MALC, MAPHIM, MAPHONG, TUNGAY, DENNGAY, SUATCHIEU, MARAP) VALUES ('L1023', 'P1006', 'PH102', '31/5/2023', '30/6/2023', '3:00 PM', 'R1002')
INSERT INTO LICHCHIEU (MALC, MAPHIM, MAPHONG, TUNGAY, DENNGAY, SUATCHIEU, MARAP) VALUES ('L1024', 'P1006', 'PH101', '1/6/2023', '28/6/2023', '3:00 PM', 'R1001')
INSERT INTO LICHCHIEU (MALC, MAPHIM, MAPHONG, TUNGAY, DENNGAY, SUATCHIEU, MARAP) VALUES ('L1025', 'P1006', 'PH101', '2/6/2023', '28/6/2023', '10:00 AM', 'R1001')
INSERT INTO LICHCHIEU (MALC, MAPHIM, MAPHONG, TUNGAY, DENNGAY, SUATCHIEU, MARAP) VALUES ('L1026', 'P1006', 'PH101', '3/5/2023', '28/6/2023', '1:00 PM', 'R1001')
INSERT INTO LICHCHIEU (MALC, MAPHIM, MAPHONG, TUNGAY, DENNGAY, SUATCHIEU, MARAP) VALUES ('L1027', 'P1007', 'PH101', '28/5/2023', '29/6/2023', '1:00 PM', 'R1001')
INSERT INTO LICHCHIEU (MALC, MAPHIM, MAPHONG, TUNGAY, DENNGAY, SUATCHIEU, MARAP) VALUES ('L1028', 'P1007', 'PH102', '29/5/2023', '29/6/2023', '1:00 PM', 'R1002')
INSERT INTO LICHCHIEU (MALC, MAPHIM, MAPHONG, TUNGAY, DENNGAY, SUATCHIEU, MARAP) VALUES ('L1029', 'P1008', 'PH101', '28/5/2023', '28/6/2023', '5:00 PM', 'R1001')
INSERT INTO LICHCHIEU (MALC, MAPHIM, MAPHONG, TUNGAY, DENNGAY, SUATCHIEU, MARAP) VALUES ('L1030', 'P1008', 'PH100', '29/5/2023', '29/6/2023', '5:00 PM', 'R1000')
INSERT INTO LICHCHIEU (MALC, MAPHIM, MAPHONG, TUNGAY, DENNGAY, SUATCHIEU, MARAP) VALUES ('L1031', 'P1008', 'PH102', '1/6/2023', '28/6/2023', '5:00 PM', 'R1002')
INSERT INTO LICHCHIEU (MALC, MAPHIM, MAPHONG, TUNGAY, DENNGAY, SUATCHIEU, MARAP) VALUES ('L1032', 'P1009', 'PH102', '28/5/2023', '28/6/2023', '5:00 PM', 'R1002')
INSERT INTO LICHCHIEU (MALC, MAPHIM, MAPHONG, TUNGAY, DENNGAY, SUATCHIEU, MARAP) VALUES ('L1033', 'P1009', 'PH102', '29/5/2023', '28/6/2023', '1:00 PM', 'R1002')
INSERT INTO LICHCHIEU (MALC, MAPHIM, MAPHONG, TUNGAY, DENNGAY, SUATCHIEU, MARAP) VALUES ('L1034', 'P1009', 'PH101', '30/5/2023', '28/6/2023', '1:00 PM', 'R1001')
INSERT INTO LICHCHIEU (MALC, MAPHIM, MAPHONG, TUNGAY, DENNGAY, SUATCHIEU, MARAP) VALUES ('L1035', 'P1010', 'PH100', '28/5/2023', '28/6/2023', '3:00 PM', 'R1000')
INSERT INTO LICHCHIEU (MALC, MAPHIM, MAPHONG, TUNGAY, DENNGAY, SUATCHIEU, MARAP) VALUES ('L1036', 'P1010', 'PH100', '29/5/2023', '28/6/2023', '1:00 PM', 'R1000')
INSERT INTO LICHCHIEU (MALC, MAPHIM, MAPHONG, TUNGAY, DENNGAY, SUATCHIEU, MARAP) VALUES ('L1037', 'P1010', 'PH101', '30/5/2023', '28/6/2023', '1:00 PM', 'R1001')
INSERT INTO LICHCHIEU (MALC, MAPHIM, MAPHONG, TUNGAY, DENNGAY, SUATCHIEU, MARAP) VALUES ('L1038', 'P1011', 'PH100', '28/5/2023', '28/6/2023', '3:00 PM', 'R1000')
INSERT INTO LICHCHIEU (MALC, MAPHIM, MAPHONG, TUNGAY, DENNGAY, SUATCHIEU, MARAP) VALUES ('L1039', 'P1011', 'PH100', '29/5/2023', '28/6/2023', '1:00 PM', 'R1000')
INSERT INTO LICHCHIEU (MALC, MAPHIM, MAPHONG, TUNGAY, DENNGAY, SUATCHIEU, MARAP) VALUES ('L1040', 'P1011', 'PH101', '30/5/2023', '28/6/2023', '1:00 PM', 'R1001')
INSERT INTO LICHCHIEU (MALC, MAPHIM, MAPHONG, TUNGAY, DENNGAY, SUATCHIEU, MARAP) VALUES ('L1041', 'P1012', 'PH100', '28/5/2023', '28/6/2023', '2:00 PM', 'R1000')
INSERT INTO LICHCHIEU (MALC, MAPHIM, MAPHONG, TUNGAY, DENNGAY, SUATCHIEU, MARAP) VALUES ('L1042', 'P1012', 'PH100', '29/5/2023', '28/6/2023', '5:00 PM', 'R1000')
INSERT INTO LICHCHIEU (MALC, MAPHIM, MAPHONG, TUNGAY, DENNGAY, SUATCHIEU, MARAP) VALUES ('L1043', 'P1012', 'PH102', '30/5/2023', '28/6/2023', '1:00 PM', 'R1002')
INSERT INTO LICHCHIEU (MALC, MAPHIM, MAPHONG, TUNGAY, DENNGAY, SUATCHIEU, MARAP) VALUES ('L1044', 'P1012', 'PH100', '31/5/2023', '28/6/2023', '3:00 PM', 'R1000')
INSERT INTO LICHCHIEU (MALC, MAPHIM, MAPHONG, TUNGAY, DENNGAY, SUATCHIEU, MARAP) VALUES ('L1045', 'P1013', 'PH100', '29/5/2023', '28/6/2023', '5:00 PM', 'R1000')
INSERT INTO LICHCHIEU (MALC, MAPHIM, MAPHONG, TUNGAY, DENNGAY, SUATCHIEU, MARAP) VALUES ('L1046', 'P1013', 'PH102', '30/5/2023', '28/6/2023', '7:00 PM', 'R1002')
INSERT INTO LICHCHIEU (MALC, MAPHIM, MAPHONG, TUNGAY, DENNGAY, SUATCHIEU, MARAP) VALUES ('L1047', 'P1013', 'PH100', '31/5/2023', '28/6/2023', '3:00 PM', 'R1000')
INSERT INTO LICHCHIEU (MALC, MAPHIM, MAPHONG, TUNGAY, DENNGAY, SUATCHIEU, MARAP) VALUES ('L1048', 'P1014', 'PH100', '28/5/2023', '28/6/2023', '2:00 PM', 'R1000')
INSERT INTO LICHCHIEU (MALC, MAPHIM, MAPHONG, TUNGAY, DENNGAY, SUATCHIEU, MARAP) VALUES ('L1049', 'P1014', 'PH100', '29/5/2023', '28/6/2023', '5:00 PM', 'R1000')
INSERT INTO LICHCHIEU (MALC, MAPHIM, MAPHONG, TUNGAY, DENNGAY, SUATCHIEU, MARAP) VALUES ('L1050', 'P1014', 'PH102', '30/5/2023', '28/6/2023', '7:00 PM', 'R1002')
INSERT INTO LICHCHIEU (MALC, MAPHIM, MAPHONG, TUNGAY, DENNGAY, SUATCHIEU, MARAP) VALUES ('L1051', 'P1014', 'PH101', '31/5/2023', '28/6/2023', '3:00 PM', 'R1002')
INSERT INTO LICHCHIEU (MALC, MAPHIM, MAPHONG, TUNGAY, DENNGAY, SUATCHIEU, MARAP) VALUES ('L1052', 'P1015', 'PH102', '28/5/2023', '28/6/2023', '3:00 PM', 'R1002')
INSERT INTO LICHCHIEU (MALC, MAPHIM, MAPHONG, TUNGAY, DENNGAY, SUATCHIEU, MARAP) VALUES ('L1053', 'P1015', 'PH100', '29/5/2023', '28/6/2023', '12:00 PM', 'R1000')
INSERT INTO LICHCHIEU (MALC, MAPHIM, MAPHONG, TUNGAY, DENNGAY, SUATCHIEU, MARAP) VALUES ('L1054', 'P1015', 'PH101', '30/5/2023', '28/6/2023', '7:00 PM', 'R1001')
INSERT INTO LICHCHIEU (MALC, MAPHIM, MAPHONG, TUNGAY, DENNGAY, SUATCHIEU, MARAP) VALUES ('L1055', 'P1015', 'PH101', '30/5/2023', '28/6/2023', '5:00 PM', 'R1001')
INSERT INTO LICHCHIEU (MALC, MAPHIM, MAPHONG, TUNGAY, DENNGAY, SUATCHIEU, MARAP) VALUES ('L1056', 'P1016', 'PH101', '28/5/2023', '28/6/2023', '3:00 PM', 'R1001')
INSERT INTO LICHCHIEU (MALC, MAPHIM, MAPHONG, TUNGAY, DENNGAY, SUATCHIEU, MARAP) VALUES ('L1057', 'P1016', 'PH100', '29/5/2023', '28/6/2023', '12:00 PM', 'R1000')
INSERT INTO LICHCHIEU (MALC, MAPHIM, MAPHONG, TUNGAY, DENNGAY, SUATCHIEU, MARAP) VALUES ('L1058', 'P1016', 'PH102', '30/5/2023', '28/6/2023', '7:00 PM', 'R1002')
INSERT INTO LICHCHIEU (MALC, MAPHIM, MAPHONG, TUNGAY, DENNGAY, SUATCHIEU, MARAP) VALUES ('L1059', 'P1016', 'PH101', '31/5/2023', '28/6/2023', '5:00 PM', 'R1001')
INSERT INTO LICHCHIEU (MALC, MAPHIM, MAPHONG, TUNGAY, DENNGAY, SUATCHIEU, MARAP) VALUES ('L1060', 'P1017', 'PH102', '28/5/2023', '28/6/2023', '3:00 PM', 'R1002')
INSERT INTO LICHCHIEU (MALC, MAPHIM, MAPHONG, TUNGAY, DENNGAY, SUATCHIEU, MARAP) VALUES ('L1061', 'P1017', 'PH100', '29/5/2023', '28/6/2023', '12:00 PM', 'R1000')
INSERT INTO LICHCHIEU (MALC, MAPHIM, MAPHONG, TUNGAY, DENNGAY, SUATCHIEU, MARAP) VALUES ('L1062', 'P1017', 'PH101', '30/5/2023', '28/6/2023', '7:00 PM', 'R1001')
INSERT INTO LICHCHIEU (MALC, MAPHIM, MAPHONG, TUNGAY, DENNGAY, SUATCHIEU, MARAP) VALUES ('L1063', 'P1017', 'PH102', '31/5/2023', '28/6/2023', '5:00 PM', 'R1002')

-- Add staff's account 
INSERT INTO NHANVIEN (MANV, HOTEN, TAIKHOAN, MATKHAU) VALUES ('NV001', 'TRAN NHUT LINH', 'linh', '123')
INSERT INTO NHANVIEN (MANV, HOTEN, TAIKHOAN, MATKHAU) VALUES ('NV002', 'HOANG TRI TUONG', 'tuong', '123')
INSERT INTO NHANVIEN (MANV, HOTEN, TAIKHOAN, MATKHAU) VALUES ('NV003', 'NGUYEN QUOC AN', 'an', '123')
INSERT INTO NHANVIEN (MANV, HOTEN, TAIKHOAN, MATKHAU) VALUES ('NV004', 'VO TIN THIEN', 'thien', '123')




























